1,prosciutto
1,ham
2,risotto
2,olives
3,crackers
3,peroni
3,ham
4,sarsaparilla
4,gelato
4,ham
4,peppers
5,tuna
5,prosciutto
5,apples
5,steak
5,turkey
6,pretzels
6,coke
6,gelato
6,peppers
6,ham
7,coke
7,gelato
8,sarsaparilla
8,gelato
8,risotto
9,soda
9,peroni
9,peppers
10,prosciutto
10,crackers
10,moscato
11,risotto
11,apples
11,peppers
11,avocado
11,steak
11,turkey
12,risotto
12,tuna
12,peroni
13,tuna
13,steak
13,peroni
14,risotto
14,peppers
14,steak
14,gelato
15,tuna
15,prosciutto
15,olives
15,apples
16,olives
16,coke
16,turkey
16,ham
17,risotto
17,tuna
17,coke
18,chicken
18,gelato
18,apples
19,soda
19,sarsaparilla
19,peroni
20,soda
20,sarsaparilla
20,peroni
21,tuna
21,prosciutto
21,turkey
21,apples
22,avocado
22,hummus
23,soda
23,sarsaparilla
23,peroni
23,hummus
24,soda
24,sarsaparilla
24,crackers
25,peroni
25,chicken
25,coke
26,pretzels
26,peroni
26,chicken
26,coke
27,olives
27,sarsaparilla
27,gelato
27,apples
28,olives
28,coke
28,turkey
28,gelato
29,soda
29,olives
29,sarsaparilla
30,olives
30,gelato
31,coke
31,gelato
31,ham
32,sarsaparilla
32,crackers
32,tuna
33,pretzels
33,apples
33,peppers
34,soda
34,olives
34,crackers
34,peroni
34,moscato
34,ham
35,tuna
35,avocado
35,hummus
35,peroni
35,soda
36,olives
36,turkey
36,crackers
37,hummus
37,peroni
37,ham
37,prosciutto
37,pretzels
38,soda
38,sarsaparilla
38,apples
38,steak
39,risotto
39,tuna
39,avocado
39,peroni
39,soda
40,coke
40,steak
41,sarsaparilla
41,crackers
41,peroni
41,hummus
42,apples
42,olives
42,risotto
43,pretzels
43,chicken
43,crackers
43,steak
44,olives
44,peroni
44,tuna
45,tuna
45,prosciutto
45,olives
45,ham
45,turkey
45,sarsaparilla
45,peroni
46,prosciutto
46,peppers
46,sarsaparilla
46,gelato
47,risotto
47,peppers
47,avocado
48,tuna
49,peppers
49,crackers
49,turkey
50,peroni
50,ham
50,pretzels
51,soda
51,avocado
52,pretzels
52,apples
52,peppers
52,turkey
52,gelato
53,crackers
53,peroni
53,olives
53,avocado
54,risotto
54,tuna
54,avocado
54,hummus
54,peroni
54,chicken
55,prosciutto
55,risotto
56,soda
56,tuna
56,crackers
56,prosciutto
56,ham
57,chicken
58,risotto
58,soda
58,crackers
58,peroni
58,avocado
59,soda
59,sarsaparilla
59,peroni
59,ham
59,peppers
60,peppers
60,crackers
60,chicken
60,apples
61,risotto
61,soda
61,tuna
61,crackers
61,peroni
61,hummus
62,avocado
62,ham
63,tuna
63,prosciutto
63,apples
63,olives
64,tuna
64,avocado
64,peroni
64,turkey
65,pretzels
65,peppers
65,avocado
65,moscato
66,risotto
66,soda
66,crackers
66,prosciutto
67,risotto
67,pretzels
67,sarsaparilla
68,prosciutto
68,apples
68,soda
69,olives
69,sarsaparilla
69,coke
69,avocado
70,sarsaparilla
70,soda
71,apples
71,peppers
71,avocado
71,sarsaparilla
72,prosciutto
72,turkey
73,tuna
73,prosciutto
73,apples
73,avocado
74,risotto
74,avocado
75,chicken
75,coke
75,gelato
75,risotto
76,sarsaparilla
76,apples
76,coke
77,olives
77,peppers
78,sarsaparilla
78,coke
78,prosciutto
79,hummus
79,peroni
79,ham
80,sarsaparilla
80,crackers
80,chicken
80,steak
80,turkey
81,soda
81,steak
82,crackers
82,hummus
82,peroni
82,ham
82,risotto
83,prosciutto
83,peppers
83,sarsaparilla
83,apples
84,prosciutto
84,steak
84,ham
85,peroni
85,tuna
86,tuna
86,prosciutto
86,apples
86,olives
86,turkey
87,tuna
87,olives
87,coke
88,coke
89,tuna
89,prosciutto
89,ham
89,apples
89,gelato
90,hummus
90,olives
91,risotto
91,tuna
91,crackers
91,prosciutto
92,tuna
92,avocado
92,peroni
92,moscato
92,prosciutto
93,risotto
93,crackers
93,peroni
93,gelato
93,chicken
94,soda
94,crackers
94,peroni
95,peppers
95,sarsaparilla
95,apples
96,tuna
96,prosciutto
96,olives
96,turkey
97,pretzels
97,peroni
97,prosciutto
98,sarsaparilla
98,soda
99,olives
99,crackers
99,peroni
100,prosciutto
100,apples
100,risotto
101,risotto
101,pretzels
101,apples
101,peppers
101,avocado
101,soda
102,tuna
102,olives
102,ham
102,peppers
102,gelato
103,tuna
103,prosciutto
103,olives
103,ham
103,sarsaparilla
104,risotto
104,soda
104,crackers
104,peroni
105,ham
105,pretzels
106,prosciutto
106,olives
106,ham
107,prosciutto
107,sarsaparilla
107,chicken
107,risotto
108,peroni
108,chicken
108,gelato
108,prosciutto
109,tuna
110,soda
110,olives
110,peroni
110,chicken
111,risotto
111,apples
111,peppers
111,tuna
112,gelato
112,olives
113,pretzels
113,apples
113,chicken
114,pretzels
114,peroni
114,chicken
114,coke
114,gelato
114,turkey
114,tuna
115,olives
115,sarsaparilla
115,turkey
115,gelato
115,steak
115,peroni
116,sarsaparilla
117,turkey
117,sarsaparilla
117,pretzels
118,peroni
119,sarsaparilla
119,coke
119,gelato
119,ham
120,tuna
120,prosciutto
120,apples
120,olives
120,ham
121,peroni
121,crackers
122,pretzels
122,apples
123,risotto
123,soda
123,tuna
123,peppers
124,olives
124,sarsaparilla
124,gelato
125,tuna
125,hummus
126,prosciutto
126,crackers
127,prosciutto
127,crackers
128,turkey
128,peppers
129,crackers
129,peroni
129,coke
129,chicken
130,sarsaparilla
130,turkey
130,peppers
130,avocado
131,avocado
131,hummus
131,chicken
132,tuna
132,crackers
132,peroni
133,tuna
133,prosciutto
133,turkey
134,soda
134,olives
134,sarsaparilla
134,crackers
135,avocado
135,hummus
135,peroni
135,apples
135,turkey
136,pretzels
136,peroni
136,chicken
136,coke
136,peppers
137,crackers
138,prosciutto
138,olives
139,peroni
139,chicken
139,ham
140,hummus
140,ham
140,chicken
141,risotto
141,tuna
141,peppers
142,olives
142,sarsaparilla
142,crackers
142,peroni
143,chicken
143,coke
143,gelato
143,apples
144,hummus
144,peroni
144,coke
145,risotto
145,avocado
145,hummus
145,sarsaparilla
145,apples
146,tuna
146,olives
146,turkey
147,peroni
147,ham
148,soda
148,olives
148,crackers
149,turkey
149,gelato
150,peroni
150,chicken
151,tuna
151,ham
151,turkey
151,crackers
152,sarsaparilla
152,crackers
152,steak
153,tuna
153,peroni
153,avocado
154,olives
154,gelato
154,hummus
154,apples
155,turkey
156,prosciutto
156,peppers
156,sarsaparilla
156,chicken
156,olives
157,peroni
158,peroni
158,ham
158,turkey
159,prosciutto
159,peppers
159,crackers
159,tuna
159,pretzels
160,chicken
161,peppers
161,peppers
162,risotto
162,pretzels
162,avocado
163,tuna
163,hummus
163,peroni
163,chicken
163,sarsaparilla
164,pretzels
164,apples
164,avocado
164,coke
165,pretzels
165,coke
165,gelato
165,sarsaparilla
166,ham
166,moscato
167,tuna
167,turkey
167,peppers
168,peppers
168,sarsaparilla
168,chicken
168,tuna
168,soda
169,olives
170,avocado
170,peroni
170,sarsaparilla
170,soda
171,avocado
171,crackers
171,peroni
171,peppers
172,prosciutto
172,peppers
172,sarsaparilla
172,crackers
172,chicken
172,ham
173,risotto
173,avocado
173,peroni
174,olives
174,sarsaparilla
174,crackers
174,peroni
174,prosciutto
175,sarsaparilla
175,coke
175,peroni
176,risotto
176,tuna
176,sarsaparilla
177,pretzels
177,peroni
177,coke
177,crackers
178,olives
178,avocado
179,prosciutto
179,ham
179,tuna
180,soda
180,tuna
180,crackers
180,gelato
181,sarsaparilla
182,apples
182,olives
182,steak
182,sarsaparilla
183,crackers
184,peppers
184,turkey
184,apples
185,crackers
185,hummus
185,peroni
185,steak
185,soda
186,prosciutto
186,olives
186,ham
186,turkey
186,risotto
187,avocado
187,crackers
187,hummus
187,apples
188,soda
188,tuna
188,crackers
188,peroni
189,pretzels
189,chicken
189,coke
189,gelato
189,sarsaparilla
190,pretzels
190,tuna
190,apples
191,coke
192,tuna
192,prosciutto
192,apples
192,sarsaparilla
192,peppers
193,hummus
193,ham
193,sarsaparilla
193,tuna
194,tuna
194,hummus
194,peroni
194,moscato
194,pretzels
195,coke
195,turkey
195,gelato
195,moscato
196,tuna
196,prosciutto
196,turkey
196,soda
197,tuna
197,prosciutto
197,apples
197,ham
198,olives
198,turkey
198,peppers
199,pretzels
199,peroni
199,chicken
199,olives
200,olives
200,peroni
201,peppers
201,ham
201,soda
202,tuna
202,hummus
202,steak
203,prosciutto
203,steak
203,chicken
203,coke
204,peppers
204,avocado
204,gelato
205,prosciutto
205,olives
205,steak
206,avocado
206,crackers
206,pretzels
207,steak
207,sarsaparilla
208,peppers
208,avocado
208,gelato
209,avocado
209,crackers
209,peroni
209,pretzels
210,sarsaparilla
210,chicken
211,prosciutto
212,crackers
212,hummus
212,ham
212,coke
213,tuna
213,avocado
213,hummus
213,peroni
213,soda
214,risotto
214,avocado
214,hummus
214,coke
215,pretzels
215,coke
215,risotto
216,olives
216,gelato
216,peroni
217,prosciutto
217,apples
217,olives
218,risotto
218,tuna
218,hummus
219,tuna
219,apples
220,tuna
220,prosciutto
220,olives
220,steak
220,avocado
221,pretzels
221,peroni
221,chicken
221,coke
221,gelato
221,soda
222,sarsaparilla
222,crackers
222,peroni
222,turkey
223,soda
223,olives
223,sarsaparilla
223,turkey
224,steak
224,gelato
225,soda
225,sarsaparilla
225,peroni
225,pretzels
226,pretzels
226,gelato
226,apples
227,peppers
227,sarsaparilla
227,crackers
227,chicken
227,turkey
227,apples
228,olives
228,sarsaparilla
228,coke
228,turkey
228,ham
228,risotto
229,risotto
229,soda
229,crackers
229,peroni
229,turkey
229,turkey
230,turkey
230,hummus
231,hummus
231,ham
231,turkey
231,olives
232,tuna
232,prosciutto
232,steak
233,risotto
233,hummus
233,peroni
233,soda
233,olives
234,prosciutto
234,apples
234,olives
234,peppers
235,prosciutto
235,apples
235,steak
235,hummus
235,avocado
236,risotto
236,tuna
236,avocado
236,hummus
236,crackers
237,avocado
237,peroni
238,avocado
238,sarsaparilla
238,ham
239,avocado
239,crackers
239,peroni
239,ham
239,apples
240,tuna
240,prosciutto
240,apples
241,pretzels
241,avocado
241,crackers
242,risotto
242,peppers
242,avocado
242,sarsaparilla
243,peroni
243,chicken
243,coke
243,sarsaparilla
245,avocado
245,crackers
245,hummus
245,ham
246,peroni
246,chicken
247,olives
247,coke
247,turkey
247,gelato
247,risotto
247,steak
248,turkey
248,crackers
248,chicken
249,risotto
249,avocado
249,peroni
249,steak
249,prosciutto
250,pretzels
250,peroni
250,chicken
250,coke
250,gelato
250,apples
250,turkey
251,olives
251,sarsaparilla
251,turkey
251,pretzels
252,prosciutto
252,olives
252,moscato
252,hummus
253,crackers
253,hummus
255,coke
255,gelato
255,moscato
255,ham
256,avocado
256,peroni
256,ham
257,pretzels
257,chicken
257,coke
257,hummus
257,steak
258,olives
258,sarsaparilla
258,chicken
259,tuna
259,avocado
259,hummus
259,peroni
259,soda
260,soda
260,olives
260,sarsaparilla
260,peroni
260,avocado
261,risotto
261,sarsaparilla
261,hummus
262,pretzels
262,peroni
262,coke
262,gelato
262,tuna
262,ham
263,risotto
263,pretzels
263,peppers
263,avocado
263,hummus
264,tuna
264,turkey
266,tuna
266,turkey
266,peroni
266,sarsaparilla
267,olives
267,sarsaparilla
267,crackers
267,peroni
267,peppers
268,soda
268,tuna
268,crackers
268,hummus
269,chicken
269,coke
269,sarsaparilla
270,olives
270,sarsaparilla
270,coke
270,gelato
270,peppers
271,risotto
271,prosciutto
272,crackers
272,hummus
272,peroni
272,ham
272,prosciutto
273,soda
273,crackers
273,peroni
273,steak
274,crackers
274,hummus
275,soda
275,olives
276,peppers
276,avocado
276,steak
277,soda
277,olives
277,sarsaparilla
277,peroni
278,tuna
278,prosciutto
278,apples
278,olives
278,coke
279,prosciutto
279,chicken
279,peroni
280,coke
280,gelato
280,soda
281,tuna
281,chicken
282,risotto
282,pretzels
282,apples
282,avocado
283,tuna
283,apples
283,hummus
284,tuna
284,prosciutto
284,apples
284,olives
284,steak
285,olives
285,turkey
285,gelato
285,pretzels
285,peroni
286,hummus
286,peroni
286,ham
286,moscato
286,chicken
287,coke
287,turkey
287,gelato
288,tuna
288,olives
288,ham
288,turkey
288,avocado
289,tuna
289,peroni
289,peppers
290,tuna
290,apples
290,steak
290,ham
290,risotto
291,tuna
291,olives
291,risotto
292,soda
292,apples
293,prosciutto
293,ham
293,turkey
293,risotto
294,peroni
294,avocado
295,avocado
295,peroni
295,ham
296,prosciutto
296,peppers
296,sarsaparilla
296,chicken
296,steak
297,risotto
297,peppers
297,sarsaparilla
298,peroni
298,coke
298,moscato
299,olives
299,steak
299,avocado
300,risotto
300,peroni
300,turkey
301,chicken
301,gelato
302,risotto
302,pretzels
302,apples
302,peppers
302,avocado
303,crackers
303,peroni
303,pretzels
304,peppers
304,sarsaparilla
304,crackers
305,tuna
305,prosciutto
305,olives
305,peppers
306,tuna
306,apples
306,moscato
307,tuna
307,olives
308,peroni
308,tuna
309,prosciutto
309,peppers
309,sarsaparilla
309,chicken
310,soda
310,tuna
310,crackers
310,turkey
310,steak
311,tuna
311,prosciutto
311,olives
311,pretzels
312,soda
312,peroni
312,apples
313,apples
314,tuna
314,apples
314,olives
314,steak
314,peroni
314,pretzels
315,olives
315,coke
316,tuna
316,prosciutto
316,olives
316,ham
316,steak
317,sarsaparilla
317,turkey
317,gelato
317,ham
317,prosciutto
318,olives
318,turkey
318,gelato
318,peroni
318,risotto
319,prosciutto
319,olives
319,crackers
320,risotto
320,tuna
320,hummus
320,peroni
321,prosciutto
321,peppers
321,chicken
321,turkey
322,risotto
322,peppers
322,avocado
322,moscato
323,tuna
323,prosciutto
323,olives
323,ham
323,steak
324,risotto
324,tuna
324,crackers
324,peroni
324,peppers
324,peppers
325,pretzels
325,chicken
325,coke
325,ham
325,sarsaparilla
326,pretzels
326,gelato
326,soda
326,avocado
327,prosciutto
327,sarsaparilla
327,chicken
327,turkey
327,coke
328,soda
328,crackers
328,peppers
329,soda
329,sarsaparilla
329,crackers
330,avocado
330,crackers
330,peroni
330,ham
331,tuna
331,turkey
331,soda
331,apples
332,peppers
332,sarsaparilla
332,chicken
332,peroni
333,crackers
333,chicken
334,risotto
334,peroni
335,olives
335,sarsaparilla
335,turkey
335,peroni
336,soda
336,crackers
336,peroni
336,moscato
337,tuna
337,peroni
337,prosciutto
338,pretzels
338,chicken
338,gelato
338,olives
339,peppers
339,risotto
340,tuna
340,prosciutto
340,olives
340,turkey
341,pretzels
341,peroni
341,chicken
341,coke
341,ham
342,sarsaparilla
342,coke
342,turkey
342,gelato
342,tuna
343,soda
343,crackers
343,peroni
343,apples
344,tuna
344,prosciutto
344,apples
344,olives
345,soda
345,tuna
345,gelato
346,risotto
346,tuna
346,crackers
346,coke
347,prosciutto
347,crackers
347,chicken
347,ham
348,pretzels
348,peroni
349,olives
350,chicken
350,gelato
351,risotto
351,soda
351,tuna
351,peroni
351,prosciutto
352,soda
352,tuna
353,crackers
353,peroni
353,prosciutto
354,hummus
354,peroni
354,peppers
355,soda
355,olives
355,crackers
355,peroni
355,pretzels
356,peroni
357,risotto
357,tuna
358,prosciutto
358,ham
358,hummus
358,crackers
359,risotto
359,avocado
359,hummus
359,olives
360,prosciutto
360,sarsaparilla
360,chicken
360,olives
360,ham
361,crackers
361,hummus
361,ham
361,risotto
362,tuna
362,prosciutto
362,olives
362,steak
362,crackers
362,coke
363,tuna
363,avocado
363,peroni
363,sarsaparilla
363,prosciutto
364,pretzels
364,apples
364,avocado
364,turkey
365,prosciutto
365,peppers
365,crackers
365,chicken
365,olives
365,olives
366,prosciutto
366,sarsaparilla
366,crackers
366,gelato
367,pretzels
367,peroni
367,chicken
367,risotto
368,prosciutto
368,apples
369,prosciutto
369,olives
369,steak
370,avocado
371,risotto
371,tuna
372,sarsaparilla
372,crackers
372,peroni
372,moscato
372,risotto
373,gelato
373,turkey
374,gelato
374,peppers
374,chicken
375,soda
375,tuna
375,crackers
375,olives
376,prosciutto
376,apples
376,olives
376,steak
376,crackers
377,crackers
377,hummus
378,risotto
378,tuna
378,turkey
378,sarsaparilla
379,hummus
379,ham
379,turkey
380,tuna
380,avocado
380,hummus
380,peroni
380,moscato
381,tuna
381,olives
381,ham
381,turkey
381,peroni
382,risotto
382,avocado
382,moscato
383,soda
383,sarsaparilla
383,turkey
383,chicken
384,prosciutto
384,sarsaparilla
384,crackers
384,ham
384,avocado
385,avocado
386,avocado
386,crackers
386,ham
386,apples
386,soda
387,tuna
387,turkey
387,risotto
388,olives
388,ham
388,soda
388,avocado
389,gelato
390,prosciutto
390,olives
390,turkey
390,peppers
391,risotto
391,tuna
391,crackers
391,peppers
392,olives
392,coke
392,turkey
393,pretzels
393,apples
393,gelato
394,tuna
394,hummus
394,peppers
395,soda
395,crackers
396,avocado
396,crackers
396,peroni
396,chicken
397,peroni
397,peppers
398,pretzels
398,apples
398,moscato
398,coke
399,tuna
399,ham
399,moscato
400,soda
400,olives
400,peroni
400,prosciutto
401,avocado
401,ham
401,gelato
401,sarsaparilla
402,olives
402,crackers
402,ham
403,soda
403,peroni
404,prosciutto
404,ham
405,risotto
405,pretzels
405,avocado
405,peroni
406,prosciutto
406,peppers
406,crackers
406,chicken
406,peroni
406,apples
407,risotto
407,tuna
407,avocado
408,soda
408,olives
408,peroni
408,steak
408,hummus
409,avocado
409,hummus
409,peroni
409,turkey
410,peppers
410,sarsaparilla
410,apples
411,risotto
411,pretzels
411,apples
411,avocado
411,tuna
411,crackers
412,risotto
412,soda
412,tuna
412,crackers
412,peroni
413,avocado
413,hummus
413,peroni
413,coke
413,turkey
414,risotto
414,hummus
415,prosciutto
415,chicken
415,steak
416,tuna
416,ham
416,pretzels
417,avocado
417,crackers
417,hummus
417,peroni
417,olives
418,tuna
418,prosciutto
418,ham
418,avocado
419,sarsaparilla
419,coke
419,tuna
419,peroni
421,soda
421,tuna
421,crackers
421,peroni
422,risotto
423,prosciutto
423,sarsaparilla
423,peroni
423,hummus
424,risotto
424,soda
424,crackers
424,peroni
424,apples
424,pretzels
425,prosciutto
425,olives
425,hummus
426,pretzels
426,peroni
426,coke
426,moscato
427,risotto
427,peppers
427,avocado
427,soda
428,risotto
428,crackers
428,hummus
429,avocado
429,hummus
429,ham
429,tuna
430,tuna
430,prosciutto
430,apples
430,olives
431,peroni
431,coke
431,soda
432,prosciutto
432,turkey
432,soda
433,sarsaparilla
433,peroni
433,chicken
433,apples
434,risotto
434,tuna
435,pretzels
435,peroni
435,chicken
435,crackers
435,risotto
436,pretzels
436,chicken
436,coke
436,sarsaparilla
437,sarsaparilla
437,gelato
437,peppers
438,avocado
439,crackers
439,peppers
440,peroni
440,chicken
440,gelato
440,peppers
441,hummus
441,peroni
441,ham
442,chicken
442,risotto
442,steak
443,tuna
443,crackers
443,peroni
443,peppers
444,risotto
444,tuna
444,avocado
444,hummus
444,peroni
444,apples
445,olives
445,sarsaparilla
445,coke
445,turkey
445,steak
446,risotto
446,tuna
446,peroni
446,ham
447,tuna
448,avocado
448,hummus
448,peroni
448,ham
448,moscato
448,soda
449,olives
449,soda
449,coke
450,risotto
450,crackers
450,peroni
451,pretzels
451,chicken
452,sarsaparilla
452,crackers
452,hummus
453,risotto
453,crackers
453,prosciutto
453,olives
454,avocado
454,crackers
454,peroni
455,olives
455,sarsaparilla
455,turkey
455,moscato
455,apples
456,pretzels
456,chicken
456,gelato
456,ham
456,peppers
457,risotto
457,tuna
457,avocado
457,pretzels
457,apples
458,hummus
458,peroni
458,steak
459,pretzels
459,peroni
459,gelato
459,turkey
460,olives
460,sarsaparilla
460,gelato
460,hummus
460,peroni
461,olives
461,sarsaparilla
461,peroni
461,chicken
461,risotto
462,peroni
462,chicken
462,apples
462,crackers
463,risotto
463,avocado
463,prosciutto
464,soda
464,pretzels
465,risotto
465,apples
466,avocado
466,hummus
466,peroni
466,ham
467,ham
468,sarsaparilla
468,risotto
469,risotto
469,tuna
469,peroni
469,prosciutto
470,prosciutto
470,sarsaparilla
470,crackers
470,hummus
471,tuna
471,peroni
471,prosciutto
471,ham
472,soda
472,olives
472,sarsaparilla
472,peroni
472,gelato
473,risotto
473,pretzels
473,apples
474,olives
474,sarsaparilla
474,peroni
474,hummus
474,ham
475,prosciutto
475,peppers
476,olives
476,sarsaparilla
476,peroni
476,hummus
477,prosciutto
477,ham
477,turkey
477,risotto
478,crackers
478,peroni
478,ham
478,pretzels
479,risotto
479,soda
479,crackers
479,peroni
480,crackers
480,hummus
480,peroni
480,ham
480,tuna
480,peppers
481,olives
481,turkey
481,chicken
481,chicken
482,apples
482,steak
482,chicken
482,gelato
483,ham
483,turkey
483,avocado
483,apples
484,risotto
484,soda
484,tuna
484,ham
485,tuna
485,turkey
485,gelato
486,avocado
486,sarsaparilla
487,risotto
487,soda
487,crackers
487,steak
488,prosciutto
488,apples
488,olives
488,steak
488,chicken
488,turkey
489,peroni
489,prosciutto
490,pretzels
490,peroni
490,ham
491,tuna
491,prosciutto
491,olives
492,chicken
492,tuna
493,prosciutto
493,apples
493,steak
493,avocado
494,prosciutto
494,apples
494,olives
494,hummus
495,pretzels
495,peroni
495,coke
495,gelato
495,olives
496,avocado
496,crackers
497,prosciutto
497,sarsaparilla
497,crackers
497,chicken
497,olives
497,hummus
498,risotto
498,peroni
498,olives
499,pretzels
499,gelato
499,avocado
499,peppers
500,ham
500,turkey
501,pretzels
501,chicken
501,coke
501,tuna
501,tuna
502,peroni
502,coke
502,apples
503,tuna
503,apples
503,turkey
504,tuna
504,avocado
504,hummus
504,peppers
505,peroni
505,coke
506,soda
506,peroni
506,gelato
507,pretzels
508,soda
508,tuna
508,crackers
508,peroni
508,hummus
508,turkey
509,tuna
509,avocado
509,hummus
509,chicken
510,avocado
510,crackers
510,ham
510,gelato
510,prosciutto
511,coke
511,turkey
511,steak
512,avocado
512,steak
513,avocado
513,peroni
513,ham
513,coke
513,apples
514,avocado
515,soda
515,sarsaparilla
515,crackers
515,peroni
515,tuna
515,steak
516,sarsaparilla
516,coke
516,turkey
517,tuna
517,peroni
517,pretzels
518,coke
518,turkey
518,tuna
518,peroni
519,sarsaparilla
519,peroni
519,peppers
519,ham
520,peppers
520,crackers
520,chicken
520,pretzels
521,chicken
521,coke
521,soda
522,sarsaparilla
522,crackers
522,hummus
523,peroni
523,coke
523,gelato
523,sarsaparilla
524,olives
524,sarsaparilla
524,coke
524,gelato
524,avocado
525,risotto
525,pretzels
525,peppers
525,avocado
525,crackers
526,avocado
526,hummus
526,peroni
526,ham
527,prosciutto
527,olives
527,avocado
528,risotto
528,tuna
528,avocado
528,hummus
528,ham
529,apples
529,ham
530,risotto
530,hummus
530,peroni
530,sarsaparilla
530,chicken
531,risotto
531,soda
531,tuna
532,pretzels
532,peroni
532,chicken
532,coke
532,hummus
533,prosciutto
533,sarsaparilla
533,chicken
534,soda
534,olives
534,peroni
535,risotto
535,apples
535,prosciutto
536,olives
536,coke
536,gelato
536,hummus
536,crackers
537,avocado
537,crackers
537,hummus
538,tuna
538,turkey
538,sarsaparilla
538,pretzels
539,peroni
539,peppers
540,coke
540,gelato
540,steak
540,ham
541,risotto
541,coke
542,olives
542,tuna
543,tuna
543,ham
544,tuna
544,prosciutto
544,olives
544,turkey
544,peroni
544,soda
545,tuna
545,olives
545,peppers
546,tuna
546,ham
546,sarsaparilla
547,tuna
547,apples
547,olives
548,soda
548,peroni
548,apples
548,hummus
549,tuna
549,prosciutto
549,crackers
550,avocado
550,crackers
550,hummus
550,ham
551,prosciutto
551,steak
551,coke
552,risotto
552,tuna
552,peroni
553,tuna
553,gelato
554,crackers
554,peroni
554,peppers
555,prosciutto
555,crackers
555,chicken
555,pretzels
556,pretzels
556,coke
556,gelato
556,olives
557,apples
557,avocado
557,ham
558,tuna
558,prosciutto
558,olives
558,steak
558,moscato
558,hummus
559,prosciutto
559,crackers
560,tuna
560,crackers
560,avocado
561,peroni
561,chicken
562,crackers
562,hummus
562,ham
562,moscato
564,olives
564,turkey
565,tuna
565,hummus
565,peppers
566,apples
566,peppers
566,avocado
567,pretzels
567,soda
567,olives
568,crackers
568,chicken
568,olives
569,tuna
569,crackers
569,peroni
570,gelato
570,sarsaparilla
571,risotto
571,soda
571,tuna
571,crackers
571,avocado
572,pretzels
572,peroni
572,coke
572,gelato
572,avocado
572,olives
573,peroni
574,soda
574,peroni
574,chicken
574,steak
575,tuna
575,olives
575,ham
575,turkey
575,steak
576,risotto
576,peroni
577,apples
577,peppers
577,prosciutto
578,turkey
578,prosciutto
579,pretzels
579,coke
579,gelato
579,steak
580,sarsaparilla
580,chicken
581,prosciutto
581,peppers
581,crackers
581,coke
581,soda
582,tuna
582,prosciutto
582,crackers
583,apples
583,steak
583,risotto
584,risotto
584,pretzels
584,apples
584,avocado
584,tuna
585,prosciutto
585,peppers
585,chicken
585,moscato
586,prosciutto
586,risotto
587,sarsaparilla
587,crackers
587,ham
588,risotto
588,pretzels
588,avocado
588,hummus
589,chicken
589,apples
590,apples
590,peppers
590,avocado
590,sarsaparilla
591,tuna
591,turkey
592,sarsaparilla
592,peppers
593,tuna
593,olives
593,steak
594,avocado
594,peroni
594,turkey
595,prosciutto
595,peppers
595,sarsaparilla
595,chicken
595,ham
596,pretzels
596,peroni
596,chicken
596,coke
596,gelato
597,pretzels
597,chicken
597,coke
597,olives
597,peppers
598,soda
598,tuna
598,crackers
598,peroni
598,hummus
598,peppers
599,apples
599,steak
600,soda
600,crackers
601,olives
601,peroni
601,steak
602,sarsaparilla
602,prosciutto
603,olives
603,steak
604,olives
604,coke
604,turkey
604,ham
604,apples
605,prosciutto
605,chicken
605,risotto
605,steak
606,pretzels
606,gelato
606,moscato
607,tuna
607,apples
607,coke
608,gelato
608,peppers
608,sarsaparilla
609,crackers
609,ham
609,steak
610,tuna
610,prosciutto
610,turkey
610,coke
610,crackers
611,peroni
611,olives
612,pretzels
612,chicken
612,gelato
613,risotto
613,avocado
613,chicken
614,avocado
614,crackers
614,hummus
614,ham
614,risotto
615,olives
615,sarsaparilla
615,tuna
616,sarsaparilla
616,gelato
616,pretzels
616,steak
617,soda
617,olives
617,crackers
617,chicken
618,soda
618,crackers
618,tuna
619,soda
619,olives
619,sarsaparilla
619,crackers
619,steak
620,apples
620,olives
620,steak
620,peppers
621,sarsaparilla
621,coke
621,turkey
622,sarsaparilla
622,coke
622,turkey
623,peppers
623,crackers
623,turkey
623,apples
624,peppers
624,sarsaparilla
624,crackers
624,chicken
624,risotto
625,peroni
625,coke
626,prosciutto
626,chicken
626,hummus
627,sarsaparilla
627,turkey
628,soda
628,tuna
628,crackers
628,peroni
628,apples
629,risotto
629,hummus
629,gelato
629,pretzels
630,avocado
630,hummus
630,peroni
630,chicken
631,risotto
631,soda
631,crackers
631,peroni
631,peppers
632,soda
632,sarsaparilla
632,crackers
633,olives
633,turkey
633,gelato
634,crackers
634,gelato
635,apples
635,avocado
635,gelato
635,gelato
636,tuna
636,hummus
636,peroni
636,soda
637,tuna
637,prosciutto
638,risotto
638,coke
638,gelato
639,risotto
639,tuna
639,hummus
639,peroni
639,olives
639,prosciutto
640,hummus
640,ham
640,pretzels
642,peppers
642,moscato
643,avocado
643,hummus
643,pretzels
644,risotto
644,peroni
644,turkey
645,chicken
645,gelato
645,risotto
645,hummus
646,soda
646,olives
646,sarsaparilla
646,crackers
646,peroni
646,steak
646,chicken
647,pretzels
647,peppers
647,steak
648,soda
648,sarsaparilla
648,peroni
649,olives
649,sarsaparilla
649,crackers
649,risotto
650,crackers
650,peroni
650,sarsaparilla
651,sarsaparilla
651,turkey
651,gelato
651,soda
652,risotto
652,soda
653,olives
653,gelato
653,steak
653,hummus
654,prosciutto
654,olives
654,turkey
655,olives
655,sarsaparilla
655,gelato
655,chicken
656,tuna
657,soda
657,olives
657,sarsaparilla
657,crackers
657,peroni
657,apples
657,hummus
658,risotto
658,pretzels
658,apples
658,peppers
658,avocado
658,steak
659,peroni
659,ham
659,tuna
659,chicken
660,gelato
660,moscato
660,apples
661,tuna
661,prosciutto
661,steak
661,chicken
661,hummus
662,pretzels
662,peroni
662,chicken
662,coke
662,gelato
662,apples
663,tuna
663,steak
664,risotto
664,soda
664,tuna
664,crackers
664,peroni
664,olives
665,prosciutto
665,apples
665,olives
665,gelato
665,soda
666,risotto
666,hummus
666,soda
667,risotto
667,pretzels
667,peppers
667,avocado
667,gelato
668,risotto
668,tuna
668,hummus
668,peroni
668,moscato
669,prosciutto
669,sarsaparilla
669,crackers
669,steak
669,risotto
670,prosciutto
670,sarsaparilla
670,crackers
670,chicken
671,olives
671,coke
671,turkey
671,pretzels
671,peppers
672,olives
672,ham
672,turkey
672,peroni
673,coke
673,turkey
673,gelato
673,peppers
674,risotto
674,peroni
674,pretzels
675,sarsaparilla
675,coke
675,turkey
676,soda
676,sarsaparilla
676,crackers
676,peroni
676,pretzels
677,prosciutto
677,apples
677,olives
677,pretzels
677,peppers
678,peroni
678,chicken
678,ham
678,avocado
679,avocado
679,hummus
679,peroni
679,ham
680,sarsaparilla
680,chicken
680,avocado
681,tuna
681,prosciutto
681,olives
681,apples
682,sarsaparilla
682,prosciutto
683,prosciutto
683,steak
683,hummus
684,prosciutto
684,sarsaparilla
685,prosciutto
685,crackers
685,moscato
685,gelato
686,peroni
687,apples
687,soda
688,soda
688,sarsaparilla
689,tuna
689,prosciutto
689,apples
689,steak
689,gelato
689,risotto
690,peppers
690,sarsaparilla
690,crackers
690,hummus
690,hummus
691,tuna
692,tuna
692,apples
692,olives
692,steak
692,peppers
693,risotto
693,coke
694,risotto
694,tuna
694,hummus
694,peroni
694,apples
695,tuna
695,crackers
695,peroni
696,gelato
697,hummus
697,ham
698,soda
698,olives
698,crackers
698,moscato
699,tuna
699,turkey
700,olives
700,crackers
700,peroni
700,hummus
701,risotto
701,pretzels
701,apples
702,crackers
702,hummus
702,coke
703,pretzels
703,peppers
704,prosciutto
704,peppers
704,chicken
704,avocado
704,pretzels
705,peroni
705,coke
705,gelato
705,sarsaparilla
706,tuna
706,avocado
706,apples
707,avocado
707,crackers
707,peroni
707,prosciutto
707,peppers
708,soda
709,tuna
709,avocado
709,hummus
710,avocado
710,peroni
710,olives
711,tuna
711,olives
711,chicken
712,pretzels
712,chicken
712,coke
712,gelato
712,olives
713,peroni
713,chicken
713,hummus
713,hummus
714,prosciutto
714,turkey
715,tuna
715,olives
715,steak
715,pretzels
716,avocado
716,hummus
716,prosciutto
716,olives
717,olives
717,turkey
718,prosciutto
718,sarsaparilla
718,crackers
718,risotto
718,peroni
719,tuna
719,olives
719,apples
720,ham
720,turkey
721,ham
721,risotto
722,risotto
722,hummus
722,prosciutto
723,risotto
723,soda
724,olives
724,turkey
724,gelato
724,peroni
724,risotto
725,tuna
725,prosciutto
726,avocado
726,peroni
726,ham
726,peppers
726,prosciutto
727,soda
727,avocado
728,risotto
728,tuna
728,peroni
728,turkey
729,turkey
729,crackers
730,peroni
730,chicken
730,coke
730,risotto
731,hummus
731,peroni
731,olives
731,crackers
732,prosciutto
732,ham
733,crackers
733,hummus
733,risotto
734,soda
734,sarsaparilla
734,steak
734,prosciutto
735,tuna
735,prosciutto
735,olives
736,risotto
736,soda
737,olives
737,gelato
737,peppers
738,hummus
738,peroni
738,turkey
738,prosciutto
739,risotto
739,tuna
739,hummus
739,peroni
739,chicken
740,prosciutto
740,peppers
740,crackers
740,chicken
740,steak
740,gelato
741,soda
741,olives
741,crackers
741,peppers
742,risotto
742,crackers
742,coke
743,tuna
743,steak
744,risotto
744,crackers
744,olives
745,avocado
745,crackers
745,hummus
745,ham
745,moscato
746,prosciutto
746,apples
746,steak
746,moscato
746,ham
747,hummus
747,peroni
747,apples
748,soda
748,olives
748,peppers
749,risotto
749,peroni
749,olives
749,avocado
750,olives
750,sarsaparilla
750,turkey
750,risotto
750,apples
751,soda
751,olives
753,apples
753,steak
753,ham
754,peppers
754,crackers
754,peroni
755,risotto
755,soda
755,tuna
755,crackers
756,prosciutto
756,olives
756,ham
756,turkey
756,steak
756,avocado
757,chicken
757,gelato
758,olives
758,sarsaparilla
758,gelato
758,steak
758,peroni
759,apples
759,steak
759,chicken
760,prosciutto
760,soda
760,tuna
761,coke
761,gelato
761,ham
762,peroni
762,chicken
762,coke
762,tuna
763,peroni
764,prosciutto
764,crackers
764,apples
764,olives
765,tuna
765,prosciutto
765,ham
766,soda
766,olives
766,sarsaparilla
766,crackers
766,coke
767,pretzels
767,peppers
767,avocado
767,hummus
768,soda
768,hummus
768,avocado
769,risotto
769,pretzels
769,peppers
770,tuna
770,prosciutto
770,risotto
771,olives
771,sarsaparilla
771,peroni
771,moscato
772,pretzels
772,apples
772,peppers
772,avocado
772,tuna
773,turkey
773,pretzels
774,crackers
774,hummus
774,peroni
775,sarsaparilla
775,crackers
776,risotto
776,apples
776,prosciutto
777,coke
777,ham
778,prosciutto
778,peppers
778,sarsaparilla
778,chicken
778,coke
779,risotto
779,avocado
779,hummus
779,moscato
779,crackers
780,olives
780,coke
780,gelato
780,apples
781,risotto
781,steak
782,soda
782,tuna
782,ham
782,pretzels
783,tuna
783,prosciutto
783,olives
783,turkey
783,gelato
784,soda
784,peroni
784,tuna
784,risotto
785,avocado
785,peroni
785,coke
786,chicken
786,coke
786,gelato
787,soda
787,crackers
787,gelato
788,avocado
788,ham
788,turkey
788,tuna
789,tuna
789,prosciutto
789,apples
790,olives
790,ham
790,peroni
790,sarsaparilla
791,risotto
791,crackers
791,peroni
791,gelato
791,apples
792,pretzels
792,peroni
792,chicken
792,coke
792,turkey
793,olives
793,pretzels
794,olives
794,crackers
795,olives
795,risotto
795,gelato
796,risotto
796,soda
796,peroni
796,moscato
796,gelato
797,avocado
797,hummus
797,peroni
798,olives
798,crackers
798,peroni
798,peppers
798,chicken
799,risotto
799,pretzels
799,apples
799,turkey
800,risotto
800,soda
800,crackers
801,sarsaparilla
801,coke
801,turkey
801,gelato
801,apples
802,tuna
802,avocado
802,hummus
802,chicken
803,prosciutto
803,apples
803,steak
803,sarsaparilla
804,avocado
804,crackers
804,hummus
804,peppers
805,risotto
805,tuna
805,avocado
805,hummus
805,crackers
806,crackers
806,chicken
806,soda
807,risotto
807,tuna
807,peroni
808,peroni
808,prosciutto
809,olives
809,soda
810,olives
810,gelato
810,soda
810,prosciutto
811,apples
811,peppers
811,tuna
811,ham
812,avocado
812,crackers
812,hummus
812,olives
812,sarsaparilla
813,apples
813,peppers
814,peroni
814,hummus
815,olives
815,crackers
815,tuna
816,pretzels
816,apples
816,peppers
816,avocado
816,hummus
817,olives
817,sarsaparilla
817,prosciutto
818,prosciutto
818,chicken
818,apples
819,soda
819,olives
819,sarsaparilla
819,crackers
819,peroni
820,avocado
820,hummus
820,pretzels
821,olives
821,sarsaparilla
822,prosciutto
822,olives
822,steak
822,pretzels
822,soda
823,risotto
823,peroni
823,chicken
824,risotto
824,tuna
824,apples
825,risotto
825,pretzels
825,gelato
826,risotto
826,soda
826,tuna
826,peroni
827,pretzels
827,peroni
827,chicken
827,coke
827,gelato
827,crackers
828,risotto
828,soda
828,crackers
828,steak
828,chicken
829,crackers
830,risotto
830,tuna
830,avocado
830,hummus
830,peroni
830,ham
830,chicken
831,prosciutto
831,sarsaparilla
831,peroni
831,hummus
832,olives
832,ham
832,moscato
833,prosciutto
833,peppers
833,crackers
833,chicken
833,turkey
834,risotto
834,soda
834,peroni
834,chicken
835,pretzels
835,gelato
836,olives
836,coke
836,turkey
836,tuna
837,risotto
837,crackers
837,pretzels
838,hummus
838,peroni
840,crackers
840,steak
841,risotto
841,tuna
841,crackers
841,peroni
841,chicken
841,gelato
842,risotto
842,soda
842,tuna
842,peroni
842,sarsaparilla
843,pretzels
843,peroni
843,chicken
843,coke
844,avocado
844,crackers
844,coke
844,soda
845,prosciutto
845,sarsaparilla
845,soda
845,olives
846,apples
846,sarsaparilla
847,prosciutto
847,apples
848,pretzels
848,peroni
848,chicken
848,gelato
848,risotto
849,soda
849,tuna
849,crackers
849,peroni
850,olives
850,turkey
851,avocado
851,crackers
851,hummus
851,ham
851,moscato
852,prosciutto
852,ham
852,turkey
852,coke
853,pretzels
853,peroni
853,chicken
853,coke
853,peppers
853,olives
854,tuna
854,turkey
854,risotto
855,soda
855,tuna
855,steak
856,sarsaparilla
857,risotto
857,pretzels
857,apples
858,pretzels
858,chicken
858,coke
858,gelato
859,prosciutto
859,turkey
860,tuna
860,prosciutto
860,apples
860,olives
860,steak
860,moscato
861,prosciutto
861,peppers
861,sarsaparilla
861,chicken
862,risotto
862,pretzels
862,peppers
862,avocado
863,olives
863,ham
863,avocado
864,olives
864,sarsaparilla
864,coke
864,turkey
864,gelato
864,steak
864,soda
865,olives
865,ham
865,peroni
866,peroni
866,gelato
866,apples
867,soda
867,olives
867,peroni
867,turkey
868,tuna
868,apples
868,steak
868,pretzels
869,pretzels
869,apples
869,peppers
869,avocado
869,coke
870,avocado
870,crackers
870,peroni
871,tuna
871,prosciutto
871,olives
872,peppers
872,peroni
873,olives
873,turkey
874,tuna
874,prosciutto
874,apples
874,ham
875,tuna
875,prosciutto
875,olives
875,turkey
876,crackers
876,peroni
876,turkey
877,pretzels
877,chicken
877,coke
878,hummus
878,peroni
878,ham
879,olives
879,pretzels
879,steak
880,gelato
880,prosciutto
881,soda
881,sarsaparilla
881,crackers
881,apples
882,pretzels
882,chicken
882,sarsaparilla
883,pretzels
883,coke
883,gelato
883,peppers
884,tuna
884,prosciutto
885,crackers
885,hummus
885,peroni
885,sarsaparilla
886,risotto
886,tuna
886,peroni
886,olives
886,olives
887,prosciutto
887,sarsaparilla
887,hummus
888,coke
888,pretzels
889,peroni
889,chicken
889,gelato
889,peppers
890,crackers
890,hummus
890,peroni
891,risotto
891,tuna
891,hummus
891,peroni
892,tuna
892,avocado
892,hummus
892,sarsaparilla
892,prosciutto
893,peppers
893,crackers
893,chicken
893,apples
894,soda
894,crackers
894,peroni
894,apples
895,tuna
895,hummus
895,peroni
895,chicken
896,risotto
896,peppers
897,peroni
897,coke
897,prosciutto
898,peroni
898,hummus
899,crackers
899,hummus
899,prosciutto
900,peroni
900,peppers
901,pretzels
901,peroni
901,gelato
901,sarsaparilla
902,risotto
902,apples
902,avocado
903,soda
903,apples
903,chicken
904,crackers
904,peroni
905,olives
905,crackers
905,turkey
905,tuna
906,soda
906,peroni
906,turkey
906,avocado
907,prosciutto
907,steak
907,chicken
907,hummus
908,risotto
908,pretzels
908,apples
908,avocado
908,olives
909,tuna
909,turkey
909,peppers
910,risotto
910,soda
910,tuna
910,avocado
910,steak
911,pretzels
911,peroni
911,chicken
912,tuna
912,steak
912,coke
912,peroni
913,tuna
913,prosciutto
913,steak
913,peppers
914,apples
914,ham
915,olives
915,risotto
915,hummus
916,apples
916,olives
916,steak
917,crackers
917,ham
918,risotto
918,tuna
918,avocado
918,peroni
918,moscato
918,coke
919,risotto
919,soda
919,tuna
919,crackers
919,peroni
919,apples
920,risotto
920,hummus
920,olives
920,crackers
921,pretzels
921,chicken
921,steak
922,avocado
922,hummus
922,ham
922,gelato
923,gelato
923,turkey
924,olives
924,peroni
924,pretzels
924,avocado
925,risotto
925,pretzels
925,avocado
925,sarsaparilla
925,coke
926,soda
926,olives
926,crackers
926,tuna
927,avocado
927,tuna
928,turkey
928,risotto
929,risotto
929,peppers
929,avocado
930,pretzels
930,chicken
931,ham
931,soda
932,chicken
932,coke
932,moscato
932,olives
933,prosciutto
933,crackers
933,chicken
933,tuna
933,steak
934,pretzels
934,coke
934,gelato
935,tuna
935,olives
935,ham
935,turkey
935,chicken
935,sarsaparilla
936,prosciutto
936,apples
936,steak
937,risotto
937,avocado
937,hummus
937,turkey
938,risotto
938,peppers
938,avocado
938,gelato
939,soda
939,olives
939,crackers
939,peroni
939,risotto
940,tuna
940,peroni
940,sarsaparilla
940,steak
941,peppers
941,avocado
941,sarsaparilla
942,soda
942,crackers
942,peroni
943,crackers
943,ham
943,turkey
943,chicken
944,risotto
944,pretzels
944,peppers
944,avocado
944,chicken
945,peroni
945,chicken
945,gelato
946,pretzels
946,peppers
946,avocado
946,crackers
947,soda
947,sarsaparilla
947,peroni
948,crackers
948,olives
949,moscato
950,coke
950,hummus
951,soda
951,tuna
951,peroni
951,avocado
952,risotto
952,crackers
952,peroni
953,risotto
953,crackers
953,peroni
954,hummus
955,tuna
955,olives
955,sarsaparilla
956,sarsaparilla
956,crackers
956,peroni
957,prosciutto
957,chicken
958,pretzels
958,peroni
958,gelato
959,prosciutto
959,peppers
959,chicken
959,peroni
960,tuna
960,prosciutto
960,ham
960,sarsaparilla
961,soda
961,sarsaparilla
961,gelato
962,soda
962,olives
962,crackers
962,peroni
962,peppers
963,pretzels
963,peppers
963,avocado
963,coke
964,peppers
964,chicken
964,hummus
965,turkey
965,peroni
966,crackers
966,chicken
967,soda
967,tuna
967,turkey
968,tuna
968,avocado
968,peroni
968,prosciutto
969,tuna
969,olives
969,ham
970,peroni
970,gelato
970,risotto
971,tuna
971,hummus
971,risotto
972,prosciutto
973,soda
973,coke
974,risotto
974,apples
974,peppers
974,sarsaparilla
974,gelato
975,tuna
975,crackers
975,ham
976,avocado
976,crackers
976,hummus
976,peroni
976,ham
977,turkey
977,prosciutto
977,crackers
978,hummus
978,peroni
978,ham
979,prosciutto
980,hummus
980,sarsaparilla
981,risotto
981,soda
981,steak
982,coke
982,gelato
983,risotto
983,tuna
983,crackers
983,sarsaparilla
983,peppers
984,pretzels
984,chicken
984,coke
984,ham
984,soda
985,turkey
985,gelato
986,sarsaparilla
986,crackers
987,olives
987,sarsaparilla
987,crackers
987,peroni
987,coke
988,risotto
988,tuna
988,crackers
988,peroni
988,chicken
989,soda
989,olives
989,crackers
989,peroni
989,prosciutto
990,tuna
990,apples
990,olives
990,turkey
990,gelato
991,peroni
991,gelato
991,tuna
992,sarsaparilla
992,coke
992,apples
992,soda
993,avocado
993,hummus
993,peroni
994,prosciutto
994,apples
994,olives
994,steak
994,crackers
995,risotto
995,tuna
995,hummus
995,peroni
995,chicken
996,crackers
996,peroni
996,gelato
997,crackers
997,ham
997,sarsaparilla
998,olives
998,turkey
998,risotto
999,risotto
999,pretzels
1000,pretzels
1000,gelato
1000,peppers
